{"Ensemble-FPR": 0.16111111111111112, "Tfidf-TPR": 0.6577540106951871, "ParagraphEmbedding-TPR": 0.6096256684491979, "LSA-FPR": 0.2777777777777778, "BOW-TPR": 0.7112299465240641, "LDA-FPR": 0.4388888888888889, "Tfidf-ROC": 81.86, "BOW-ROC": 82.06, "WordEmbedding-ROC": 0.6203208556149733, "LSA-ROC": 70.82, "WordEmbedding-FPR": 0.4722222222222222, "Ensemble-ROC": 0.6363636363636364, "ParagraphEmbedding-FPR": 0.32222222222222224, "LSA-TPR": 0.5614973262032086, "ParagraphEmbedding-ROC": 66.52, "Tfidf-FPT": 0.14444444444444443, "LDA-TPR": 0.5614973262032086, "LDA-ROC": 55.8, "BOW-FPT": 0.20555555555555555}