{"BOW-ROC": 81.89, "BOW-FPT": 0.18333333333333332, "BOW-TPR": 0.7165775401069518, "Tfidf-ROC": 82.49, "Tfidf-FPT": 0.1388888888888889, "Tfidf-TPR": 0.6844919786096256, "LDA-ROC": 53.38, "LDA-FPR": 0.46111111111111114, "LDA-TPR": 0.5294117647058824, "LSA-ROC": 69.47, "LSA-FPR": 0.2722222222222222, "LSA-TPR": 0.6042780748663101, "ParagraphEmbedding-ROC": 67.84, "ParagraphEmbedding-FPR": 0.2722222222222222, "ParagraphEmbedding-TPR": 0.6203208556149733, "WordEmbedding-ROC": 0.5614973262032086, "WordEmbedding-FPR": 0.5333333333333333, "Ensemble-ROC": 0.6256684491978609, "Ensemble-FPR": 0.17222222222222222}